authorship status,count,percentage
named_author,1248,40.717781402936374
unnamed_author,1747,56.99836867862969
pseudonym,70,2.2838499184339316
