authorship status,count,percentage
named_author,1247,40.69843342036554
unnamed_author,1747,57.016971279373365
pseudonym,70,2.2845953002610964
