place,count,percentage
Sans Lieu,713,23.27023498694517
Saint-Germain-en-Laye,16,0.5221932114882507
Paris,2200,71.80156657963447
Pontoise,20,0.6527415143603132
Orléans,27,0.881201044386423
Bordeaux,35,1.1422976501305482
Rouen,24,0.7832898172323759
