year,count,percentage
Sans Date,38,1.2398042414355628
1649,1414,46.133768352365415
1652,938,30.603588907014682
1651,332,10.831973898858074
1650,276,9.00489396411093
1654,12,0.3915171288743882
1662,1,0.03262642740619902
1655,2,0.06525285481239804
1648,41,1.33768352365416
1634,1,0.03262642740619902
1653,8,0.26101141924959215
1663,1,0.03262642740619902
1656,1,0.03262642740619902
