publisher status,count,percentage
named_publisher,1693,55.25456919060052
unnamed_publisher,1367,44.614882506527415
pseudonym,4,0.13054830287206268
