publisher status,count,percentage
named_publisher,1693,55.23654159869494
unnamed_publisher,1368,44.63295269168026
pseudonym,4,0.13050570962479607
